source,target,type,weight
i3,chimp,edge,120.0
i2,denisovan,edge,0.8209511874925408
Ne0,neanderthal_west,edge,0.007743593305090632
Ne0,neanderthal_east,edge,0.08031807764428085
NeAMH,Ne0,edge,0.9970534069981584
na0,non_africa_west,edge,0.027641002685765442
na0,non_africa_east,edge,0.06692406692406692
a0,na0,edge,0.20818264936701067
a0,africa_east,edge,0.036791001105355554
H4,a0,edge,0.04314473217452997
AMH,africa_west,edge,0.07087851642307087
i1,AMH,edge,0.01769501616609482
NeAMH,i1,edge,0.01365011984045256
i2,NeAMH,edge,0.05199568250136372
i3,i2,edge,2.9760123115152197
i4,H4,admix,0.68
i5,H4,admix,0.32
AMH,i4,edge,0.052659113869245204
i1,i5,edge,1.833628144654088
