source,target,type,weight
i3,chimp,edge,120.0
H2,denisovan,edge,0.16741257906671442
i4,H2,admix,0.06
i5,H2,admix,0.94
Ne0,neanderthal_west,edge,0.007743593305090632
Ne0,neanderthal_east,edge,0.08031807764428085
i1,Ne0,edge,0.7325352977286679
NeAMH,i1,edge,0.2645181092694905
na0,non_africa_west,edge,0.027641002685765442
na0,non_africa_east,edge,0.06692406692406692
a0,na0,edge,0.20818264936701067
a0,africa_east,edge,0.036791001105355554
AMH,a0,edge,0.08628946434905994
AMH,africa_west,edge,0.07087851642307087
NeAMH,AMH,edge,0.03134513600654738
i2,NeAMH,edge,0.05199568250136372
i3,i2,edge,2.9760123115152197
i2,i4,edge,0.6535386084258265
i1,i5,edge,0.5905484885788538
